Post Id,Comments
Post_1,Love this juice! So refreshing and natural.
Post_2,Not a fan of the taste. It’s too artificial.
Post_3,"Healthy and delicious, great for my diet!"
Post_4,"Pretty decent taste, but a bit too sweet for my preference."
Post_5,Absolutely amazing! Can’t get enough of it.
Post_6,Absolutely amazing! Can’t get enough of it.
Post_7,This is my favorite drink! Highly recommend.
Post_8,"Healthy and delicious, great for my diet!"
Post_9,"It's okay, nothing special though."
Post_10,Absolutely amazing! Can’t get enough of it.
Post_11,"Wouldn’t buy again, didn’t like the flavor."
Post_12,"Healthy and delicious, great for my diet!"
Post_13,Absolutely amazing! Can’t get enough of it.
Post_14,"Healthy and delicious, great for my diet!"
Post_15,Absolutely amazing! Can’t get enough of it.
Post_16,The packaging was damaged when it arrived. Disappointed.
Post_17,Love this juice! So refreshing and natural.
Post_18,The packaging was damaged when it arrived. Disappointed.
Post_19,"Healthy and delicious, great for my diet!"
Post_20,"Best juice on the market, hands down!"
Post_21,Absolutely amazing! Can’t get enough of it.
Post_22,Not a fan of the taste. It’s too artificial.
Post_23,Love this juice! So refreshing and natural.
Post_24,"Healthy and delicious, great for my diet!"
Post_25,"Pretty decent taste, but a bit too sweet for my preference."
Post_26,"Healthy and delicious, great for my diet!"
Post_27,Absolutely amazing! Can’t get enough of it.
Post_28,"Pretty decent taste, but a bit too sweet for my preference."
Post_29,The packaging was damaged when it arrived. Disappointed.
Post_30,The packaging was damaged when it arrived. Disappointed.
Post_31,"Healthy and delicious, great for my diet!"
Post_32,"It's okay, nothing special though."
Post_33,"Pretty decent taste, but a bit too sweet for my preference."
Post_34,Love this juice! So refreshing and natural.
Post_35,"Healthy and delicious, great for my diet!"
Post_36,Absolutely amazing! Can’t get enough of it.
Post_37,"Best juice on the market, hands down!"
Post_38,Love this juice! So refreshing and natural.
Post_39,"Best juice on the market, hands down!"
Post_40,The packaging was damaged when it arrived. Disappointed.
Post_41,"Best juice on the market, hands down!"
Post_42,"Healthy and delicious, great for my diet!"
Post_43,"Healthy and delicious, great for my diet!"
Post_44,The packaging was damaged when it arrived. Disappointed.
Post_45,"Wouldn’t buy again, didn’t like the flavor."
Post_46,Absolutely amazing! Can’t get enough of it.
Post_47,The packaging was damaged when it arrived. Disappointed.
Post_48,"It's okay, nothing special though."
Post_49,"Pretty decent taste, but a bit too sweet for my preference."
Post_50,Not a fan of the taste. It’s too artificial.
Post_51,This is my favorite drink! Highly recommend.
Post_52,"It's okay, nothing special though."
Post_53,Not a fan of the taste. It’s too artificial.
Post_54,Love this juice! So refreshing and natural.
Post_55,"Healthy and delicious, great for my diet!"
Post_56,Not a fan of the taste. It’s too artificial.
Post_57,The packaging was damaged when it arrived. Disappointed.
Post_58,The packaging was damaged when it arrived. Disappointed.
Post_59,"It's okay, nothing special though."
Post_60,"Healthy and delicious, great for my diet!"
Post_61,Love this juice! So refreshing and natural.
Post_62,"Best juice on the market, hands down!"
Post_63,"Pretty decent taste, but a bit too sweet for my preference."
Post_64,Love this juice! So refreshing and natural.
Post_65,The packaging was damaged when it arrived. Disappointed.
Post_66,Absolutely amazing! Can’t get enough of it.
Post_67,"Healthy and delicious, great for my diet!"
Post_68,The packaging was damaged when it arrived. Disappointed.
Post_69,Absolutely amazing! Can’t get enough of it.
Post_70,This is my favorite drink! Highly recommend.
Post_71,"Best juice on the market, hands down!"
Post_72,"Wouldn’t buy again, didn’t like the flavor."
Post_73,Love this juice! So refreshing and natural.
Post_74,"Healthy and delicious, great for my diet!"
Post_75,The packaging was damaged when it arrived. Disappointed.
Post_76,Love this juice! So refreshing and natural.
Post_77,"Wouldn’t buy again, didn’t like the flavor."
Post_78,"It's okay, nothing special though."
Post_79,Love this juice! So refreshing and natural.
Post_80,"Pretty decent taste, but a bit too sweet for my preference."
Post_81,"Healthy and delicious, great for my diet!"
Post_82,Absolutely amazing! Can’t get enough of it.
Post_83,"It's okay, nothing special though."
Post_84,"It's okay, nothing special though."
Post_85,The packaging was damaged when it arrived. Disappointed.
Post_86,"Healthy and delicious, great for my diet!"
Post_87,"Best juice on the market, hands down!"
Post_88,Absolutely amazing! Can’t get enough of it.
Post_89,"Wouldn’t buy again, didn’t like the flavor."
Post_90,The packaging was damaged when it arrived. Disappointed.
Post_91,Absolutely amazing! Can’t get enough of it.
Post_92,Not a fan of the taste. It’s too artificial.
Post_93,Absolutely amazing! Can’t get enough of it.
Post_94,"Wouldn’t buy again, didn’t like the flavor."
Post_95,The packaging was damaged when it arrived. Disappointed.
Post_96,"Wouldn’t buy again, didn’t like the flavor."
Post_97,"Pretty decent taste, but a bit too sweet for my preference."
Post_98,"It's okay, nothing special though."
Post_99,This is my favorite drink! Highly recommend.
Post_100,Not a fan of the taste. It’s too artificial.
